ߖ,,Ǌx@inj,ǊԁEݏinj,s撬R[hinj,s{inj,s撬inj,ځinj,Ninj,inj,ꏊ,Q҂̐,Q҂̔N,Q̗L
ޓ,Ђ,z,z,131032,s,`,zR,2020-12-02,03,H,,40Α,
ޓ,Ђ,cz,czwO,131113,s,c,czP,2020-03-10,21,H,,30Α,Ȃ
ޓ,Ђ,c,cw,131113,s,c,cV,2020-06-13,23,H,,30Α,
ޓ,Ђ,r,KX,131113,s,c,ێqR,2020-04-20,20,H,,50Α,
ޓ,Ђ,,㐅,131121,s,cJ,㐅R,2020-08-20,23,H,,20Α,
ޓ,Ђ,aJ,aJwO,131130,s,aJ,Q,2020-10-15,04,H,j,30Α,
ޓ,Ђ,aJ,aJwO,131130,s,aJ,Q,2020-10-24,05,H,j,30Α,
ޓ,Ђ,h,Xؓ񒚖ڌ,131130,s,aJ,X؂Q,2020-02-02,10,H,,30Α,
ޓ,Ђ,X,,131130,s,aJ,{R,2020-10-12,12,H,j,60-64,
ޓ,Ђ,Vh,q,131041,s,Vh,VhV,2020-04-09,00,H,,30Α,
ޓ,Ђ,Vh,sO,131041,s,Vh,SlR,2020-05-08,14,H,,70Έȏ,
ޓ,Ђ,Vh,Sl,131041,s,Vh,SlP,2020-01-16,20,H,,20Α,Ȃ
ޓ,Ђ,Vh,Sl,131041,s,Vh,SlP,2020-06-27,01,H,,65-69,
ޓ,Ђ,Vh,Sl,131041,s,Vh,SlQ,2020-02-02,10,H,,50Α,
ޓ,Ђ,Vh,Sl,131041,s,Vh,SlQ,2020-07-12,19,H,,70Έȏ,
ޓ,Ђ,Vh,vی,131041,s,Vh,vۂP,2020-06-16,14,H,j,30Α,
ޓ,Ђ,Vh,vی,131041,s,Vh,SlP,2020-10-14,01,H,j,50Α,
ޓ,Ђ,Vh,̕꒬,131041,s,Vh,̕꒬Q,2020-03-10,18,H,j,50Α,
ޓ,Ђ,Vh,̕꒬,131041,s,Vh,̕꒬Q,2020-03-22,01,H,j,40Α,
ޓ,Ђ,Vh,̕꒬,131041,s,Vh,̕꒬Q,2020-06-11,00,H,j,20Α,
ޓ,Ђ,Vh,̕꒬,131041,s,Vh,̕꒬Q,2020-09-12,20,H,,20Α,
ޓ,Ђ,Vh,̕꒬,131041,s,Vh,̕꒬Q,2020-11-14,21,̑,,20Α,
ޓ,Ђ,Vh,̕꒬,131041,s,Vh,̕꒬Q,2020-12-26,02,̑,j,20Α,
ޓ,Ђ,˒,cnwO,131041,s,Vh,cnP,2020-01-18,18,̑,j,20Α,Ȃ
ޓ,Ђ,lJ,,131041,s,Vh,VhR,2020-06-26,03,H,,20Α,Ȃ
ޓ,Ђ,,뒓ݏ,131148,s,,Q,2020-02-02,11,H,j,40Α,
ޓ,Ђ,,JwO,131156,s,,JQ,2020-09-22,03,H,j,30Α,Ȃ
ޓ,Ђ,E,E,131156,s,,kR,2020-01-26,00,H,,40Α,
ޓ,Ђ,E,Ew,131156,s,,ER,2020-01-30,22,H,,30Α,
ޓ,Ђ,r,Z,131164,s,L,r܂Q,2020-04-10,17,̑,j,50Α,
ޓ,Ђ,ڔ,wO,131164,s,L,쒷T,2020-11-28,15,H,,70Έȏ,
ޓ,Ђ,ԉH,ԉHwO,131172,s,k,ԉHQ,2020-01-28,15,H,,70Έȏ,
ޓ,Ђ,ԉH,u,131172,s,k,ԉHU,2020-04-05,01,H,,20Α,
ޓ,Ђ,,wO,131199,s,,R,2020-04-16,02,H,,70Έȏ,
ޓ,Ђ,n,,131202,s,n,Q,2020-04-17,22,H,,50Α,
ޓ,Ђ,ΐ_,wwO,131202,s,n,R,2020-10-23,22,H,j,40Α,Ȃ
ޓ,Ђ,ΐ_,։wO,131202,s,n,ΐ_V,2020-05-28,20,H,,40Α,
ޓ,Ђ,ΐ_,ΐ_wO,131202,s,n,ΐ_P,2020-03-19,19,H,j,70Έȏ,
ޓ,Ђ,ΐ_,֒,131202,s,n,쒬,2020-01-14,00,H,,20Α,
ޓ,Ђ,ΐ_,,131202,s,n,Q,2020-03-17,11,H,,70Έȏ,
ޓ,Ђ,ΐ_,xmX,131202,s,n,ΐ_Q,2020-02-03,19,H,,50Α,
ޓ,Ђ,u,O,131202,s,n,OR,2020-04-15,19,H,,30Α,
ޓ,Ђ,,k,131067,s,䓌,T,2020-04-15,21,H,j,50Α,
ޓ,Ђ,V,~cڌ,131211,s,,~cS,2020-12-27,14,H,,70Έȏ,
ޓ,Ђ,V,~cڌ,131211,s,,~cT,2020-11-22,01,H,j,30Α,
ޓ,Ђ,V,~cڌ,131211,s,,~cV,2020-11-27,11,H,j,50Α,
ޓ,Ђ,V,tO,131211,s,,V{R,2020-11-16,13,H,j,70Έȏ,Ȃ
ޓ,Ђ,V,l,131211,s,,xVQ,2020-11-16,20,H,j,20Α,
ޓ,Ђ,V,Vcݏ,131211,s,,VcQ,2020-10-09,13,H,,65-69,
ޓ,Ђ,|̒,Ԕ,131211,s,,ԔR,2020-02-14,15,H,,70Έȏ,
ޓ,Ђ,|̒,Ԕ,131211,s,,ԔU,2020-07-03,01,H,,40Α,
ޓ,Ђ,|̒,Ԕ,131211,s,,ԔQ,2020-04-03,18,H,,60-64,
ޓ,Ђ,|̒,ۖ؊Ԍ,131211,s,,ۖ؊ԂQ,2020-04-07,20,H,,40Α,
ޓ,Ђ,|̒,ۖ؊Ԍ,131211,s,,ۖ؊ԂS,2020-01-20,18,H,,60-64,
ޓ,Ђ,|̒,ۖ؊Ԍ,131211,s,,ԔT,2020-03-05,02,H,,50Α,
ޓ,Ђ,|̒,|̒ˉwO,131211,s,,|̒˂S,2020-01-17,21,H,,65-69,
ޓ,Ђ,|̒,|̒ˉwO,131211,s,,|̒˂U,2020-04-24,23,H,j,20Α,
ޓ,Ђ,|̒,ɋ,131211,s,,ɋP,2020-07-25,12,H,,70Έȏ,
ޓ,Ђ,{,,131075,s,nc,R,2020-11-29,00,H,j,40Α,
ޓ,Ђ,{,Ԍ,131075,s,nc,ΌP,2020-08-04,23,H,j,20Α,Ȃ
ޓ,Ђ,{,ΌOڌ,131075,s,nc,ΌR,2020-01-17,17,̑,,70Έȏ,
ޓ,Ђ,,,131075,s,nc,ԂP,2020-03-31,14,H,j,70Έȏ,Ȃ
ޓ,Ђ,,颋,131075,s,nc,ncQ,2020-01-14,16,H,,70Έȏ,
ޓ,Ђ,,颋,131075,s,nc,P,2020-01-16,14,H,,70Έȏ,
ޓ,Ђ,TL,Ė,131229,s,,򐅏,2020-11-08,14,H,j,60-64,Ȃ
ޓ,Ђ,,Ό,131229,s,,΂R,2020-02-02,12,H,,70Έȏ,
ޓ,Ђ,,דc,131229,s,,דcP,2020-08-04,15,H,j,20Α,
ޓ,Ђ,,tʌ,131237,s,]ː,吙R,2020-01-12,18,H,j,30Α,
ޓ,Ђ,,񖇋,131237,s,]ː,쏬S,2020-11-10,19,H,,10Α,
ޓ,Ђ,,h,131237,s,]ː,Q,2020-03-03,08,H,,30Α,Ȃ
ޓ,Ђ,,ܒڌ,131237,s,]ː,P,2020-03-26,08,H,,20Α,
ޓ,Ђ,,wO,131237,s,]ː,T,2020-03-22,08,H,,50Α,
ޓ,Ђ,,wO,131237,s,]ː,U,2020-02-28,07,H,,20Α,
ޓ,Ђ,,]ːZڌ,131237,s,]ː,]ːT,2020-03-03,15,H,,70Έȏ,
ޓ,Ђ,,]ːZڌ,131237,s,]ː,t]T,2020-02-19,11,H,,70Έȏ,
ޓ,Ђ,a,X,132209,s,as,uQ,2020-03-02,12,̑,,10Α,Ȃ
ޓ,Ђ,c,ݏ,132098,s,cs,U,2019-08-08,23,H,,20Α,Ȃ
ޓ,Ђ,c,wO,132098,s,cs,쐬Q,2020-01-10,00,H,,20Α,Ȃ
ޓ,Ђ,c,wO,132098,s,cs,쐬Q,2020-01-11,22,H,,20Α,
ޓ,Ђ,c,wO,132098,s,cs,uQ,2020-04-10,12,H,,60-64,
ޓ,Ђ,c,O֒ݏ,132098,s,cs,O֗ΎRR,2020-03-16,11,H,,70Έȏ,
ޓ,Ђ,,V,132021,s,s,㍻P,2020-01-15,23,H,,65-69,Ȃ
ޓ,Ђ,,V,132021,s,s,㍻T,2020-01-16,15,H,,20Α,
ޓ,Ђ,{,,132063,s,{s,P,2020-02-04,22,H,,70Έȏ,
ޓ,Ђ,,wO,132101,s,s,쒬S,2020-06-12,18,H,,50Α,
ޓ,Ђ,c,,132292,s,s,xmR,2020-05-10,09,̑,j,50Α,Ȃ
ޓ,Ђ,c,,132225,s,vĎs,R,2020-06-04,22,H,,20Α,
ޓ,Ђ,R,,132136,s,Rs,hR,2020-06-01,23,H,j,65-69,
ޓ,Ђ,R,HÉwO,132136,s,Rs,HÒT,2020-05-17,05,H,j,65-69,Ȃ
ޓ,Ђ,,gˎw,132039,s,s,gˎ{P,2020-06-06,04,H,j,50Α,
ޓ,Ђ,,gˎw,132039,s,s,gˎ{P,2020-08-21,10,H,j,70Έȏ,
ޓ,Ђ,,gˎw,132039,s,s,gˎ쒬P,2020-10-13,10,̑,j,70Έȏ,
ޓ,Ђ,,֑Oݏ,132039,s,s,֑OT,2020-09-04,00,H,,20Α,Ȃ
ޓ,Ђ,z,wO,132080,s,zs,zcP,2020-06-10,22,H,,30Α,Ȃ
ޓ,Ђ,z,̌,132080,s,zs,̒Q,2020-12-26,00,̑,j,50Α,
ޓ,Ђ,z,Z,132080,s,zs,nR,2020-07-31,22,H,,10Α,
ޓ,Ђ,z,zwO,132080,s,zs,zcQ,2020-06-10,22,H,,50Α,
ޓ,Ђ,,ԏwO,132110,s,s,ԏP,2020-05-27,14,̑,,70Έȏ,
